morph_id,morph,position,in_cells,in_forms,language_id
vaipheiM01,a,free,3.sg; 3.pl,vaiphei010; vaiphei011,vaiphei
vaipheiM02,a,post,3.sg.fut.aff; 3.pl.fut.aff; 3.sg.1.sg.fut.aff; 3.sg.1.sg.fut.aff; 3.sg.1.pl.excl.fut.aff; 3.sg.1.pl.excl.fut.aff; 3.sg.1.pl.incl.fut.aff; 3.sg.1.pl.incl.fut.aff; 3.pl.1.sg.fut.aff; 3.pl.1.sg.fut.aff; 3.pl.1.pl.excl.fut.aff; 3.pl.1.pl.excl.fut.aff; 3.pl.1.pl.incl.fut.aff; 3.pl.1.pl.incl.fut.aff; 3.sg.2.sg.fut.aff; 3.sg.2.sg.fut.aff; 3.sg.2.pl.fut.aff; 3.sg.2.pl.fut.aff; 3.pl.2.sg.fut.aff; 3.pl.2.sg.fut.aff; 3.pl.2.pl.fut.aff; 3.pl.2.pl.fut.aff; 3.sg.3.sg.fut.aff; 3.sg.3.pl.fut.aff; 3.pl.3.sg.fut.aff; 3.pl.3.pl.fut.aff; 3.sg.fut.neg; 3.sg.fut.neg; 3.pl.fut.neg; 3.pl.fut.neg; 3.sg.1.sg.fut.neg; 3.sg.1.sg.fut.neg; 3.sg.1.sg.fut.neg; 3.sg.1.sg.fut.neg; 3.sg.1.pl.excl.fut.neg; 3.sg.1.pl.excl.fut.neg; 3.sg.1.pl.excl.fut.neg; 3.sg.1.pl.excl.fut.neg; 3.sg.1.pl.incl.fut.neg; 3.sg.1.pl.incl.fut.neg; 3.sg.1.pl.incl.fut.neg; 3.sg.1.pl.incl.fut.neg; 3.pl.1.sg.fut.neg; 3.pl.1.sg.fut.neg; 3.pl.1.sg.fut.neg; 3.pl.1.sg.fut.neg; 3.pl.1.pl.excl.fut.neg; 3.pl.1.pl.excl.fut.neg; 3.pl.1.pl.excl.fut.neg; 3.pl.1.pl.excl.fut.neg; 3.pl.1.pl.incl.fut.neg; 3.pl.1.pl.incl.fut.neg; 3.pl.1.pl.incl.fut.neg; 3.pl.1.pl.incl.fut.neg; 3.sg.2.sg.fut.neg; 3.sg.2.sg.fut.neg; 3.sg.2.sg.fut.neg; 3.sg.2.sg.fut.neg; 3.sg.2.pl.fut.neg; 3.sg.2.pl.fut.neg; 3.sg.2.pl.fut.neg; 3.sg.2.pl.fut.neg; 3.pl.2.sg.fut.neg; 3.pl.2.sg.fut.neg; 3.pl.2.sg.fut.neg; 3.pl.2.sg.fut.neg; 3.pl.2.pl.fut.neg; 3.pl.2.pl.fut.neg; 3.pl.2.pl.fut.neg; 3.pl.2.pl.fut.neg; 3.sg.3.sg.fut.neg; 3.sg.3.sg.fut.neg; 3.sg.3.pl.fut.neg; 3.sg.3.pl.fut.neg; 3.pl.3.sg.fut.neg; 3.pl.3.sg.fut.neg; 3.pl.3.pl.fut.neg; 3.pl.3.pl.fut.neg,vaiphei043; vaiphei044; vaiphei045; vaiphei046; vaiphei047; vaiphei048; vaiphei049; vaiphei050; vaiphei051; vaiphei052; vaiphei053; vaiphei054; vaiphei055; vaiphei056; vaiphei057; vaiphei058; vaiphei059; vaiphei060; vaiphei061; vaiphei062; vaiphei063; vaiphei064; vaiphei065; vaiphei066; vaiphei067; vaiphei068; vaiphei131; vaiphei132; vaiphei133; vaiphei134; vaiphei135; vaiphei136; vaiphei137; vaiphei138; vaiphei139; vaiphei140; vaiphei141; vaiphei142; vaiphei143; vaiphei144; vaiphei145; vaiphei146; vaiphei147; vaiphei148; vaiphei149; vaiphei150; vaiphei151; vaiphei152; vaiphei153; vaiphei154; vaiphei155; vaiphei156; vaiphei157; vaiphei158; vaiphei159; vaiphei160; vaiphei161; vaiphei162; vaiphei163; vaiphei164; vaiphei165; vaiphei166; vaiphei167; vaiphei168; vaiphei169; vaiphei170; vaiphei171; vaiphei172; vaiphei173; vaiphei174; vaiphei175; vaiphei176; vaiphei177; vaiphei178; vaiphei179; vaiphei180; vaiphei181; vaiphei182,vaiphei
vaipheiM03,a,pre,3.sg.nfut.aff; 3.pl.nfut.aff; 3.sg.2.sg.nfut.aff; 3.sg.2.sg.nfut.aff; 3.sg.2.pl.nfut.aff; 3.sg.2.pl.nfut.aff; 3.pl.2.sg.nfut.aff; 3.pl.2.sg.nfut.aff; 3.pl.2.pl.nfut.aff; 3.pl.2.pl.nfut.aff; 3.sg.3.sg.nfut.aff; 3.sg.3.pl.nfut.aff; 3.pl.3.sg.nfut.aff; 3.pl.3.pl.nfut.aff; 3.sg.nfut.neg; 3.pl.nfut.neg; 3.sg.2.sg.nfut.neg; 3.sg.2.sg.nfut.neg; 3.sg.2.pl.nfut.neg; 3.sg.2.pl.nfut.neg; 3.pl.2.sg.nfut.neg; 3.pl.2.sg.nfut.neg; 3.pl.2.pl.nfut.neg; 3.pl.2.pl.nfut.neg; 3.sg.3.sg.nfut.neg; 3.sg.3.pl.nfut.neg; 3.pl.3.sg.nfut.neg; 3.pl.3.pl.nfut.neg,vaiphei214; vaiphei215; vaiphei228; vaiphei229; vaiphei230; vaiphei231; vaiphei232; vaiphei233; vaiphei234; vaiphei235; vaiphei236; vaiphei237; vaiphei238; vaiphei239; vaiphei271; vaiphei272; vaiphei285; vaiphei286; vaiphei287; vaiphei288; vaiphei289; vaiphei290; vaiphei291; vaiphei292; vaiphei293; vaiphei294; vaiphei295; vaiphei296,vaiphei
vaipheiM04,d i,post,1.sg.fut.aff; 1.pl.excl.fut.aff; 1.pl.incl.fut.aff; 1.sg.2.sg.fut.aff; 1.sg.2.sg.fut.aff; 1.sg.2.pl.fut.aff; 1.sg.2.pl.fut.aff; 1.pl.excl.2.sg.fut.aff; 1.pl.excl.2.sg.fut.aff; 1.pl.excl.2.pl.fut.aff; 1.pl.excl.2.pl.fut.aff; 1.sg.3.sg.fut.aff; 1.sg.3.pl.fut.aff; 1.pl.excl.3.sg.fut.aff; 1.pl.incl.3.sg.fut.aff; 1.pl.excl.3.pl.fut.aff; 1.pl.incl.3.pl.fut.aff; 2.sg.fut.aff; 2.pl.fut.aff; 2.sg.1.sg.fut.aff; 2.sg.1.sg.fut.aff; 2.sg.1.pl.excl.fut.aff; 2.sg.1.pl.excl.fut.aff; 2.pl.1.sg.fut.aff; 2.pl.1.sg.fut.aff; 2.pl.1.pl.excl.fut.aff; 2.pl.1.pl.excl.fut.aff; 2.sg.3.sg.fut.aff; 2.sg.3.pl.fut.aff; 2.pl.3.sg.fut.aff; 2.pl.3.pl.fut.aff; 3.sg.fut.aff; 3.pl.fut.aff; 3.sg.1.sg.fut.aff; 3.sg.1.sg.fut.aff; 3.sg.1.pl.excl.fut.aff; 3.sg.1.pl.excl.fut.aff; 3.sg.1.pl.incl.fut.aff; 3.sg.1.pl.incl.fut.aff; 3.pl.1.sg.fut.aff; 3.pl.1.sg.fut.aff; 3.pl.1.pl.excl.fut.aff; 3.pl.1.pl.excl.fut.aff; 3.pl.1.pl.incl.fut.aff; 3.pl.1.pl.incl.fut.aff; 3.sg.2.sg.fut.aff; 3.sg.2.sg.fut.aff; 3.sg.2.pl.fut.aff; 3.sg.2.pl.fut.aff; 3.pl.2.sg.fut.aff; 3.pl.2.sg.fut.aff; 3.pl.2.pl.fut.aff; 3.pl.2.pl.fut.aff; 3.sg.3.sg.fut.aff; 3.sg.3.pl.fut.aff; 3.pl.3.sg.fut.aff; 3.pl.3.pl.fut.aff; 1.sg.fut.neg; 1.pl.excl.fut.neg; 1.pl.incl.fut.neg; 1.sg.2.sg.fut.neg; 1.sg.2.sg.fut.neg; 1.sg.2.pl.fut.neg; 1.sg.2.pl.fut.neg; 1.sg.3.pl.fut.neg; 1.pl.excl.2.sg.fut.neg; 1.pl.excl.2.sg.fut.neg; 1.pl.excl.2.pl.fut.neg; 1.pl.excl.2.pl.fut.neg; 1.sg.3.sg.fut.neg; 1.pl.excl.3.sg.fut.neg; 1.pl.incl.3.sg.fut.neg; 1.pl.excl.3.pl.fut.neg; 1.pl.incl.3.pl.fut.neg; 2.sg.fut.neg; 2.pl.fut.neg; 2.sg.1.sg.fut.neg; 2.sg.1.sg.fut.neg; 2.sg.1.pl.excl.fut.neg; 2.sg.1.pl.excl.fut.neg; 2.pl.1.sg.fut.neg; 2.pl.1.sg.fut.neg; 2.pl.1.pl.excl.fut.neg; 2.pl.1.pl.excl.fut.neg; 2.sg.3.sg.fut.neg; 2.sg.3.pl.fut.neg; 2.pl.3.sg.fut.neg; 2.pl.3.pl.fut.neg; 3.sg.fut.neg; 3.pl.fut.neg; 3.sg.1.sg.fut.neg; 3.sg.1.sg.fut.neg; 3.sg.1.pl.excl.fut.neg; 3.sg.1.pl.excl.fut.neg; 3.sg.1.pl.incl.fut.neg; 3.sg.1.pl.incl.fut.neg; 3.pl.1.sg.fut.neg; 3.pl.1.sg.fut.neg; 3.pl.1.pl.excl.fut.neg; 3.pl.1.pl.excl.fut.neg; 3.pl.1.pl.incl.fut.neg; 3.pl.1.pl.incl.fut.neg; 3.sg.2.sg.fut.neg; 3.sg.2.sg.fut.neg; 3.sg.2.pl.fut.neg; 3.sg.2.pl.fut.neg; 3.pl.2.sg.fut.neg; 3.pl.2.sg.fut.neg; 3.pl.2.pl.fut.neg; 3.pl.2.pl.fut.neg; 3.sg.3.sg.fut.neg; 3.sg.3.pl.fut.neg; 3.pl.3.sg.fut.neg; 3.pl.3.pl.fut.neg,vaiphei012; vaiphei013; vaiphei014; vaiphei015; vaiphei016; vaiphei017; vaiphei018; vaiphei019; vaiphei020; vaiphei021; vaiphei022; vaiphei023; vaiphei024; vaiphei025; vaiphei026; vaiphei027; vaiphei028; vaiphei029; vaiphei030; vaiphei031; vaiphei032; vaiphei033; vaiphei034; vaiphei035; vaiphei036; vaiphei037; vaiphei038; vaiphei039; vaiphei040; vaiphei041; vaiphei042; vaiphei043; vaiphei044; vaiphei045; vaiphei046; vaiphei047; vaiphei048; vaiphei049; vaiphei050; vaiphei051; vaiphei052; vaiphei053; vaiphei054; vaiphei055; vaiphei056; vaiphei057; vaiphei058; vaiphei059; vaiphei060; vaiphei061; vaiphei062; vaiphei063; vaiphei064; vaiphei065; vaiphei066; vaiphei067; vaiphei068; vaiphei069; vaiphei071; vaiphei073; vaiphei075; vaiphei077; vaiphei079; vaiphei081; vaiphei083; vaiphei085; vaiphei087; vaiphei089; vaiphei091; vaiphei093; vaiphei095; vaiphei097; vaiphei099; vaiphei101; vaiphei103; vaiphei105; vaiphei107; vaiphei109; vaiphei111; vaiphei113; vaiphei115; vaiphei117; vaiphei119; vaiphei121; vaiphei123; vaiphei125; vaiphei127; vaiphei129; vaiphei131; vaiphei133; vaiphei135; vaiphei137; vaiphei139; vaiphei141; vaiphei143; vaiphei145; vaiphei147; vaiphei149; vaiphei151; vaiphei153; vaiphei155; vaiphei157; vaiphei159; vaiphei161; vaiphei163; vaiphei165; vaiphei167; vaiphei169; vaiphei171; vaiphei173; vaiphei175; vaiphei177; vaiphei179; vaiphei181,vaiphei
vaipheiM05,e,free,1.pl.incl,vaiphei004,vaiphei
vaipheiM06,ei,free,1.pl.incl,vaiphei005,vaiphei
vaipheiM07,ei,pre,2.sg.1.sg.fut.aff; 2.sg.1.sg.fut.aff; 2.sg.1.pl.excl.fut.aff; 2.sg.1.pl.excl.fut.aff; 2.pl.1.sg.fut.aff; 2.pl.1.sg.fut.aff; 2.pl.1.pl.excl.fut.aff; 2.pl.1.pl.excl.fut.aff; 3.sg.1.sg.fut.aff; 3.sg.1.sg.fut.aff; 3.sg.1.pl.excl.fut.aff; 3.sg.1.pl.excl.fut.aff; 3.sg.1.pl.incl.fut.aff; 3.sg.1.pl.incl.fut.aff; 3.pl.1.sg.fut.aff; 3.pl.1.sg.fut.aff; 3.pl.1.pl.excl.fut.aff; 3.pl.1.pl.excl.fut.aff; 3.pl.1.pl.incl.fut.aff; 3.pl.1.pl.incl.fut.aff; 2.sg.1.sg.fut.neg; 2.sg.1.sg.fut.neg; 2.sg.1.sg.fut.neg; 2.sg.1.sg.fut.neg; 2.sg.1.pl.excl.fut.neg; 2.sg.1.pl.excl.fut.neg; 2.sg.1.pl.excl.fut.neg; 2.sg.1.pl.excl.fut.neg; 2.pl.1.sg.fut.neg; 2.pl.1.sg.fut.neg; 2.pl.1.sg.fut.neg; 2.pl.1.sg.fut.neg; 2.pl.1.pl.excl.fut.neg; 2.pl.1.pl.excl.fut.neg; 2.pl.1.pl.excl.fut.neg; 2.pl.1.pl.excl.fut.neg; 3.sg.1.sg.fut.neg; 3.sg.1.sg.fut.neg; 3.sg.1.sg.fut.neg; 3.sg.1.sg.fut.neg; 3.sg.1.pl.excl.fut.neg; 3.sg.1.pl.excl.fut.neg; 3.sg.1.pl.excl.fut.neg; 3.sg.1.pl.excl.fut.neg; 3.sg.1.pl.incl.fut.neg; 3.sg.1.pl.incl.fut.neg; 3.sg.1.pl.incl.fut.neg; 3.sg.1.pl.incl.fut.neg; 3.pl.1.sg.fut.neg; 3.pl.1.sg.fut.neg; 3.pl.1.sg.fut.neg; 3.pl.1.sg.fut.neg; 3.pl.1.pl.excl.fut.neg; 3.pl.1.pl.excl.fut.neg; 3.pl.1.pl.excl.fut.neg; 3.pl.1.pl.excl.fut.neg; 3.pl.1.pl.incl.fut.neg; 3.pl.1.pl.incl.fut.neg; 3.pl.1.pl.incl.fut.neg; 3.pl.1.pl.incl.fut.neg; 2.sg.1.sg.nfut.aff; 2.sg.1.sg.nfut.aff; 2.sg.1.pl.excl.nfut.aff; 2.sg.1.pl.excl.nfut.aff; 2.pl.1.sg.nfut.aff; 2.pl.1.sg.nfut.aff; 2.pl.1.pl.excl.nfut.aff; 2.pl.1.pl.excl.nfut.aff; 3.sg.1.sg.nfut.aff; 3.sg.1.sg.nfut.aff; 3.sg.1.pl.excl.nfut.aff; 3.sg.1.pl.excl.nfut.aff; 3.sg.1.pl.incl.nfut.aff; 3.sg.1.pl.incl.nfut.aff; 3.pl.1.sg.nfut.aff; 3.pl.1.sg.nfut.aff; 3.pl.1.pl.excl.nfut.aff; 3.pl.1.pl.excl.nfut.aff; 3.pl.1.pl.incl.nfut.aff; 3.pl.1.pl.incl.nfut.aff; 2.sg.1.sg.nfut.neg; 2.sg.1.sg.nfut.neg; 2.sg.1.pl.excl.nfut.neg; 2.sg.1.pl.excl.nfut.neg; 2.pl.1.sg.nfut.neg; 2.pl.1.sg.nfut.neg; 2.pl.1.pl.excl.nfut.neg; 2.pl.1.pl.excl.nfut.neg; 3.sg.1.sg.nfut.neg; 3.sg.1.sg.nfut.neg; 3.sg.1.pl.excl.nfut.neg; 3.sg.1.pl.excl.nfut.neg; 3.sg.1.pl.incl.nfut.neg; 3.sg.1.pl.incl.nfut.neg; 3.pl.1.sg.nfut.neg; 3.pl.1.sg.nfut.neg; 3.pl.1.pl.excl.nfut.neg; 3.pl.1.pl.excl.nfut.neg; 3.pl.1.pl.incl.nfut.neg; 3.pl.1.pl.incl.nfut.neg,vaiphei031; vaiphei032; vaiphei033; vaiphei034; vaiphei035; vaiphei036; vaiphei037; vaiphei038; vaiphei045; vaiphei046; vaiphei047; vaiphei048; vaiphei049; vaiphei050; vaiphei051; vaiphei052; vaiphei053; vaiphei054; vaiphei055; vaiphei056; vaiphei107; vaiphei108; vaiphei109; vaiphei110; vaiphei111; vaiphei112; vaiphei113; vaiphei114; vaiphei115; vaiphei116; vaiphei117; vaiphei118; vaiphei119; vaiphei120; vaiphei121; vaiphei122; vaiphei135; vaiphei136; vaiphei137; vaiphei138; vaiphei139; vaiphei140; vaiphei141; vaiphei142; vaiphei143; vaiphei144; vaiphei145; vaiphei146; vaiphei147; vaiphei148; vaiphei149; vaiphei150; vaiphei151; vaiphei152; vaiphei153; vaiphei154; vaiphei155; vaiphei156; vaiphei157; vaiphei158; vaiphei202; vaiphei203; vaiphei204; vaiphei205; vaiphei206; vaiphei207; vaiphei208; vaiphei209; vaiphei216; vaiphei217; vaiphei218; vaiphei219; vaiphei220; vaiphei221; vaiphei222; vaiphei223; vaiphei224; vaiphei225; vaiphei226; vaiphei227; vaiphei259; vaiphei260; vaiphei261; vaiphei262; vaiphei263; vaiphei264; vaiphei265; vaiphei266; vaiphei273; vaiphei274; vaiphei275; vaiphei276; vaiphei277; vaiphei278; vaiphei279; vaiphei280; vaiphei281; vaiphei282; vaiphei283; vaiphei284,vaiphei
vaipheiM08,h i,post,1.sg.fut.aff; 1.pl.excl.fut.aff; 1.pl.incl.fut.aff; 1.sg.2.sg.fut.aff; 1.sg.2.sg.fut.aff; 1.sg.2.pl.fut.aff; 1.sg.2.pl.fut.aff; 1.pl.excl.2.sg.fut.aff; 1.pl.excl.2.sg.fut.aff; 1.pl.excl.2.pl.fut.aff; 1.pl.excl.2.pl.fut.aff; 1.sg.3.sg.fut.aff; 1.sg.3.pl.fut.aff; 1.pl.excl.3.sg.fut.aff; 1.pl.incl.3.sg.fut.aff; 1.pl.excl.3.pl.fut.aff; 1.pl.incl.3.pl.fut.aff; 2.sg.fut.aff; 2.pl.fut.aff; 2.sg.1.sg.fut.aff; 2.sg.1.sg.fut.aff; 2.sg.1.pl.excl.fut.aff; 2.sg.1.pl.excl.fut.aff; 2.pl.1.sg.fut.aff; 2.pl.1.sg.fut.aff; 2.pl.1.pl.excl.fut.aff; 2.pl.1.pl.excl.fut.aff; 2.sg.3.sg.fut.aff; 2.sg.3.pl.fut.aff; 2.pl.3.sg.fut.aff; 2.pl.3.pl.fut.aff; 3.sg.fut.aff; 3.pl.fut.aff; 3.sg.1.sg.fut.aff; 3.sg.1.sg.fut.aff; 3.sg.1.pl.excl.fut.aff; 3.sg.1.pl.excl.fut.aff; 3.sg.1.pl.incl.fut.aff; 3.sg.1.pl.incl.fut.aff; 3.pl.1.sg.fut.aff; 3.pl.1.sg.fut.aff; 3.pl.1.pl.excl.fut.aff; 3.pl.1.pl.excl.fut.aff; 3.pl.1.pl.incl.fut.aff; 3.pl.1.pl.incl.fut.aff; 3.sg.2.sg.fut.aff; 3.sg.2.sg.fut.aff; 3.sg.2.pl.fut.aff; 3.sg.2.pl.fut.aff; 3.pl.2.sg.fut.aff; 3.pl.2.sg.fut.aff; 3.pl.2.pl.fut.aff; 3.pl.2.pl.fut.aff; 3.sg.3.sg.fut.aff; 3.sg.3.pl.fut.aff; 3.pl.3.sg.fut.aff; 3.pl.3.pl.fut.aff; 1.sg.fut.neg; 1.pl.excl.fut.neg; 1.pl.incl.fut.neg; 1.sg.2.sg.fut.neg; 1.sg.2.sg.fut.neg; 1.sg.2.pl.fut.neg; 1.sg.2.pl.fut.neg; 1.sg.3.pl.fut.neg; 1.pl.excl.2.sg.fut.neg; 1.pl.excl.2.sg.fut.neg; 1.pl.excl.2.pl.fut.neg; 1.pl.excl.2.pl.fut.neg; 1.sg.3.sg.fut.neg; 1.pl.excl.3.sg.fut.neg; 1.pl.incl.3.sg.fut.neg; 1.pl.excl.3.pl.fut.neg; 1.pl.incl.3.pl.fut.neg; 2.sg.fut.neg; 2.pl.fut.neg; 2.sg.1.sg.fut.neg; 2.sg.1.sg.fut.neg; 2.sg.1.pl.excl.fut.neg; 2.sg.1.pl.excl.fut.neg; 2.pl.1.sg.fut.neg; 2.pl.1.sg.fut.neg; 2.pl.1.pl.excl.fut.neg; 2.pl.1.pl.excl.fut.neg; 2.sg.3.sg.fut.neg; 2.sg.3.pl.fut.neg; 2.pl.3.sg.fut.neg; 2.pl.3.pl.fut.neg; 3.sg.fut.neg; 3.pl.fut.neg; 3.sg.1.sg.fut.neg; 3.sg.1.sg.fut.neg; 3.sg.1.pl.excl.fut.neg; 3.sg.1.pl.excl.fut.neg; 3.sg.1.pl.incl.fut.neg; 3.sg.1.pl.incl.fut.neg; 3.pl.1.sg.fut.neg; 3.pl.1.sg.fut.neg; 3.pl.1.pl.excl.fut.neg; 3.pl.1.pl.excl.fut.neg; 3.pl.1.pl.incl.fut.neg; 3.pl.1.pl.incl.fut.neg; 3.sg.2.sg.fut.neg; 3.sg.2.sg.fut.neg; 3.sg.2.pl.fut.neg; 3.sg.2.pl.fut.neg; 3.pl.2.sg.fut.neg; 3.pl.2.sg.fut.neg; 3.pl.2.pl.fut.neg; 3.pl.2.pl.fut.neg; 3.sg.3.sg.fut.neg; 3.sg.3.pl.fut.neg; 3.pl.3.sg.fut.neg; 3.pl.3.pl.fut.neg; 1.sg.nfut.aff; 1.pl.excl.nfut.aff; 1.pl.incl.nfut.aff; 1.sg.2.sg.nfut.aff; 1.sg.2.sg.nfut.aff; 1.sg.2.pl.nfut.aff; 1.sg.2.pl.nfut.aff; 1.pl.excl.2.sg.nfut.aff; 1.pl.excl.2.sg.nfut.aff; 1.pl.excl.2.pl.nfut.aff; 1.pl.excl.2.pl.nfut.aff; 1.sg.3.sg.nfut.aff; 1.sg.3.pl.nfut.aff; 1.pl.excl.3.sg.nfut.aff; 1.pl.incl.3.sg.nfut.aff; 1.pl.excl.3.pl.nfut.aff; 1.pl.incl.3.pl.nfut.aff; 2.sg.nfut.aff; 2.pl.nfut.aff; 2.sg.1.sg.nfut.aff; 2.sg.1.sg.nfut.aff; 2.sg.1.pl.excl.nfut.aff; 2.sg.1.pl.excl.nfut.aff; 2.pl.1.sg.nfut.aff; 2.pl.1.sg.nfut.aff; 2.pl.1.pl.excl.nfut.aff; 2.pl.1.pl.excl.nfut.aff; 2.sg.3.sg.nfut.aff; 2.sg.3.pl.nfut.aff; 2.pl.3.sg.nfut.aff; 2.pl.3.pl.nfut.aff; 3.sg.nfut.aff; 3.pl.nfut.aff; 3.sg.1.sg.nfut.aff; 3.sg.1.sg.nfut.aff; 3.sg.1.pl.excl.nfut.aff; 3.sg.1.pl.excl.nfut.aff; 3.sg.1.pl.incl.nfut.aff; 3.sg.1.pl.incl.nfut.aff; 3.pl.1.sg.nfut.aff; 3.pl.1.sg.nfut.aff; 3.pl.1.pl.excl.nfut.aff; 3.pl.1.pl.excl.nfut.aff; 3.pl.1.pl.incl.nfut.aff; 3.pl.1.pl.incl.nfut.aff; 3.sg.2.sg.nfut.aff; 3.sg.2.sg.nfut.aff; 3.sg.2.pl.nfut.aff; 3.sg.2.pl.nfut.aff; 3.pl.2.sg.nfut.aff; 3.pl.2.sg.nfut.aff; 3.pl.2.pl.nfut.aff; 3.pl.2.pl.nfut.aff; 3.sg.3.sg.nfut.aff; 3.sg.3.pl.nfut.aff; 3.pl.3.sg.nfut.aff; 3.pl.3.pl.nfut.aff,vaiphei012; vaiphei013; vaiphei014; vaiphei015; vaiphei016; vaiphei017; vaiphei018; vaiphei019; vaiphei020; vaiphei021; vaiphei022; vaiphei023; vaiphei024; vaiphei025; vaiphei026; vaiphei027; vaiphei028; vaiphei029; vaiphei030; vaiphei031; vaiphei032; vaiphei033; vaiphei034; vaiphei035; vaiphei036; vaiphei037; vaiphei038; vaiphei039; vaiphei040; vaiphei041; vaiphei042; vaiphei043; vaiphei044; vaiphei045; vaiphei046; vaiphei047; vaiphei048; vaiphei049; vaiphei050; vaiphei051; vaiphei052; vaiphei053; vaiphei054; vaiphei055; vaiphei056; vaiphei057; vaiphei058; vaiphei059; vaiphei060; vaiphei061; vaiphei062; vaiphei063; vaiphei064; vaiphei065; vaiphei066; vaiphei067; vaiphei068; vaiphei069; vaiphei071; vaiphei073; vaiphei075; vaiphei077; vaiphei079; vaiphei081; vaiphei083; vaiphei085; vaiphei087; vaiphei089; vaiphei091; vaiphei093; vaiphei095; vaiphei097; vaiphei099; vaiphei101; vaiphei103; vaiphei105; vaiphei107; vaiphei109; vaiphei111; vaiphei113; vaiphei115; vaiphei117; vaiphei119; vaiphei121; vaiphei123; vaiphei125; vaiphei127; vaiphei129; vaiphei131; vaiphei133; vaiphei135; vaiphei137; vaiphei139; vaiphei141; vaiphei143; vaiphei145; vaiphei147; vaiphei149; vaiphei151; vaiphei153; vaiphei155; vaiphei157; vaiphei159; vaiphei161; vaiphei163; vaiphei165; vaiphei167; vaiphei169; vaiphei171; vaiphei173; vaiphei175; vaiphei177; vaiphei179; vaiphei181; vaiphei183; vaiphei184; vaiphei185; vaiphei186; vaiphei187; vaiphei188; vaiphei189; vaiphei190; vaiphei191; vaiphei192; vaiphei193; vaiphei194; vaiphei195; vaiphei196; vaiphei197; vaiphei198; vaiphei199; vaiphei200; vaiphei201; vaiphei202; vaiphei203; vaiphei204; vaiphei205; vaiphei206; vaiphei207; vaiphei208; vaiphei209; vaiphei210; vaiphei211; vaiphei212; vaiphei213; vaiphei214; vaiphei215; vaiphei216; vaiphei217; vaiphei218; vaiphei219; vaiphei220; vaiphei221; vaiphei222; vaiphei223; vaiphei224; vaiphei225; vaiphei226; vaiphei227; vaiphei228; vaiphei229; vaiphei230; vaiphei231; vaiphei232; vaiphei233; vaiphei234; vaiphei235; vaiphei236; vaiphei237; vaiphei238; vaiphei239,vaiphei
vaipheiM09,h u n,pre,1.sg.2.sg.fut.aff; 1.sg.2.pl.fut.aff; 1.pl.excl.2.sg.fut.aff; 1.pl.excl.2.pl.fut.aff; 2.sg.1.sg.fut.aff; 2.sg.1.pl.excl.fut.aff; 2.pl.1.sg.fut.aff; 2.pl.1.pl.excl.fut.aff; 3.sg.1.sg.fut.aff; 3.sg.1.pl.excl.fut.aff; 3.sg.1.pl.incl.fut.aff; 3.pl.1.sg.fut.aff; 3.pl.1.pl.excl.fut.aff; 3.pl.1.pl.incl.fut.aff; 3.sg.2.sg.fut.aff; 3.sg.2.pl.fut.aff; 3.pl.2.sg.fut.aff; 3.pl.2.pl.fut.aff; 1.sg.2.sg.fut.neg; 1.sg.2.sg.fut.neg; 1.sg.2.pl.fut.neg; 1.sg.2.pl.fut.neg; 1.pl.excl.2.sg.fut.neg; 1.pl.excl.2.sg.fut.neg; 1.pl.excl.2.pl.fut.neg; 1.pl.excl.2.pl.fut.neg; 2.sg.1.sg.fut.neg; 2.sg.1.sg.fut.neg; 2.sg.1.pl.excl.fut.neg; 2.sg.1.pl.excl.fut.neg; 2.pl.1.sg.fut.neg; 2.pl.1.sg.fut.neg; 2.pl.1.pl.excl.fut.neg; 2.pl.1.pl.excl.fut.neg; 3.sg.1.sg.fut.neg; 3.sg.1.sg.fut.neg; 3.sg.1.pl.excl.fut.neg; 3.sg.1.pl.excl.fut.neg; 3.sg.1.pl.incl.fut.neg; 3.sg.1.pl.incl.fut.neg; 3.pl.1.sg.fut.neg; 3.pl.1.sg.fut.neg; 3.pl.1.pl.excl.fut.neg; 3.pl.1.pl.excl.fut.neg; 3.pl.1.pl.incl.fut.neg; 3.pl.1.pl.incl.fut.neg; 3.sg.2.sg.fut.neg; 3.sg.2.sg.fut.neg; 3.sg.2.pl.fut.neg; 3.sg.2.pl.fut.neg; 3.pl.2.sg.fut.neg; 3.pl.2.sg.fut.neg; 3.pl.2.pl.fut.neg; 3.pl.2.pl.fut.neg; 1.sg.2.sg.nfut.aff; 1.sg.2.pl.nfut.aff; 1.pl.excl.2.sg.nfut.aff; 1.pl.excl.2.pl.nfut.aff; 2.sg.1.sg.nfut.aff; 2.sg.1.pl.excl.nfut.aff; 2.pl.1.sg.nfut.aff; 2.pl.1.pl.excl.nfut.aff; 3.sg.1.sg.nfut.aff; 3.sg.1.pl.excl.nfut.aff; 3.sg.1.pl.incl.nfut.aff; 3.pl.1.sg.nfut.aff; 3.pl.1.pl.excl.nfut.aff; 3.pl.1.pl.incl.nfut.aff; 3.sg.2.sg.nfut.aff; 3.sg.2.pl.nfut.aff; 3.pl.2.sg.nfut.aff; 3.pl.2.pl.nfut.aff; 1.sg.2.sg.nfut.neg; 1.sg.2.pl.nfut.neg; 1.pl.excl.2.sg.nfut.neg; 1.pl.excl.2.pl.nfut.neg; 2.sg.1.sg.nfut.neg; 2.sg.1.pl.excl.nfut.neg; 2.pl.1.sg.nfut.neg; 2.pl.1.pl.excl.nfut.neg; 3.sg.1.sg.nfut.neg; 3.sg.1.pl.excl.nfut.neg; 3.sg.1.pl.incl.nfut.neg; 3.pl.1.sg.nfut.neg; 3.pl.1.pl.excl.nfut.neg; 3.pl.1.pl.incl.nfut.neg; 3.sg.2.sg.nfut.neg; 3.sg.2.pl.nfut.neg; 3.pl.2.sg.nfut.neg; 3.pl.2.pl.nfut.neg,vaiphei015; vaiphei017; vaiphei019; vaiphei021; vaiphei031; vaiphei033; vaiphei035; vaiphei037; vaiphei045; vaiphei047; vaiphei049; vaiphei051; vaiphei053; vaiphei055; vaiphei057; vaiphei059; vaiphei061; vaiphei063; vaiphei075; vaiphei076; vaiphei079; vaiphei080; vaiphei085; vaiphei086; vaiphei089; vaiphei090; vaiphei107; vaiphei108; vaiphei111; vaiphei112; vaiphei115; vaiphei116; vaiphei119; vaiphei120; vaiphei135; vaiphei136; vaiphei139; vaiphei140; vaiphei143; vaiphei144; vaiphei147; vaiphei148; vaiphei151; vaiphei152; vaiphei155; vaiphei156; vaiphei159; vaiphei160; vaiphei163; vaiphei164; vaiphei167; vaiphei168; vaiphei171; vaiphei172; vaiphei186; vaiphei188; vaiphei190; vaiphei192; vaiphei202; vaiphei204; vaiphei206; vaiphei208; vaiphei216; vaiphei218; vaiphei220; vaiphei222; vaiphei224; vaiphei226; vaiphei228; vaiphei230; vaiphei232; vaiphei234; vaiphei243; vaiphei245; vaiphei247; vaiphei249; vaiphei259; vaiphei261; vaiphei263; vaiphei265; vaiphei273; vaiphei275; vaiphei277; vaiphei279; vaiphei281; vaiphei283; vaiphei285; vaiphei287; vaiphei289; vaiphei291,vaiphei
vaipheiM10,i,post,1.pl.incl.fut.aff; 1.pl.incl.3.sg.fut.aff; 1.pl.incl.3.pl.fut.aff; 1.pl.incl.fut.neg; 1.pl.incl.fut.neg; 1.pl.incl.3.sg.fut.neg; 1.pl.incl.3.sg.fut.neg; 1.pl.incl.3.pl.fut.neg; 1.pl.incl.3.pl.fut.neg; 1.sg.nfut.neg; 1.sg.2.sg.nfut.neg; 1.sg.2.sg.nfut.neg; 1.sg.2.pl.nfut.neg; 1.sg.2.pl.nfut.neg; 1.sg.3.sg.nfut.neg; 1.sg.3.pl.nfut.neg; 2.sg.nfut.neg; 2.sg.1.sg.nfut.neg; 2.sg.1.sg.nfut.neg; 2.sg.1.pl.excl.nfut.neg; 2.sg.1.pl.excl.nfut.neg; 2.sg.3.sg.nfut.neg; 2.sg.3.pl.nfut.neg; 3.sg.nfut.neg; 3.sg.1.sg.nfut.neg; 3.sg.1.sg.nfut.neg; 3.sg.1.pl.excl.nfut.neg; 3.sg.1.pl.excl.nfut.neg; 3.sg.1.pl.incl.nfut.neg; 3.sg.1.pl.incl.nfut.neg; 3.sg.2.sg.nfut.neg; 3.sg.2.sg.nfut.neg; 3.sg.2.pl.nfut.neg; 3.sg.2.pl.nfut.neg; 3.sg.3.sg.nfut.neg; 3.sg.3.pl.nfut.neg,vaiphei014; vaiphei026; vaiphei028; vaiphei073; vaiphei074; vaiphei097; vaiphei098; vaiphei101; vaiphei102; vaiphei240; vaiphei243; vaiphei244; vaiphei245; vaiphei246; vaiphei251; vaiphei252; vaiphei257; vaiphei259; vaiphei260; vaiphei261; vaiphei262; vaiphei267; vaiphei268; vaiphei271; vaiphei273; vaiphei274; vaiphei275; vaiphei276; vaiphei277; vaiphei278; vaiphei285; vaiphei286; vaiphei287; vaiphei288; vaiphei293; vaiphei294,vaiphei
vaipheiM11,i,pre,1.pl.incl.nfut.aff; 1.pl.incl.3.sg.nfut.aff; 1.pl.incl.3.pl.nfut.aff; 1.pl.incl.nfut.neg; 1.pl.incl.3.sg.nfut.neg; 1.pl.incl.3.pl.nfut.neg,vaiphei185; vaiphei197; vaiphei199; vaiphei242; vaiphei254; vaiphei256,vaiphei
vaipheiM12,k a,post,1.sg.fut.aff; 1.pl.excl.fut.aff; 1.sg.2.sg.fut.aff; 1.sg.2.sg.fut.aff; 1.sg.2.pl.fut.aff; 1.sg.2.pl.fut.aff; 1.pl.excl.2.sg.fut.aff; 1.pl.excl.2.sg.fut.aff; 1.pl.excl.2.pl.fut.aff; 1.pl.excl.2.pl.fut.aff; 1.sg.3.sg.fut.aff; 1.sg.3.pl.fut.aff; 1.pl.excl.3.sg.fut.aff; 1.pl.excl.3.pl.fut.aff; 1.sg.fut.neg; 1.sg.fut.neg; 1.pl.excl.fut.neg; 1.pl.excl.fut.neg; 1.sg.2.sg.fut.neg; 1.sg.2.sg.fut.neg; 1.sg.2.sg.fut.neg; 1.sg.2.sg.fut.neg; 1.sg.2.pl.fut.neg; 1.sg.2.pl.fut.neg; 1.sg.2.pl.fut.neg; 1.sg.2.pl.fut.neg; 1.sg.3.pl.fut.neg; 1.sg.3.pl.fut.neg; 1.pl.excl.2.sg.fut.neg; 1.pl.excl.2.sg.fut.neg; 1.pl.excl.2.sg.fut.neg; 1.pl.excl.2.sg.fut.neg; 1.pl.excl.2.pl.fut.neg; 1.pl.excl.2.pl.fut.neg; 1.pl.excl.2.pl.fut.neg; 1.pl.excl.2.pl.fut.neg; 1.sg.3.sg.fut.neg; 1.sg.3.sg.fut.neg; 1.pl.excl.3.sg.fut.neg; 1.pl.excl.3.sg.fut.neg; 1.pl.excl.3.pl.fut.neg; 1.pl.excl.3.pl.fut.neg,vaiphei012; vaiphei013; vaiphei015; vaiphei016; vaiphei017; vaiphei018; vaiphei019; vaiphei020; vaiphei021; vaiphei022; vaiphei023; vaiphei024; vaiphei025; vaiphei027; vaiphei069; vaiphei070; vaiphei071; vaiphei072; vaiphei075; vaiphei076; vaiphei077; vaiphei078; vaiphei079; vaiphei080; vaiphei081; vaiphei082; vaiphei083; vaiphei084; vaiphei085; vaiphei086; vaiphei087; vaiphei088; vaiphei089; vaiphei090; vaiphei091; vaiphei092; vaiphei093; vaiphei094; vaiphei095; vaiphei096; vaiphei099; vaiphei100,vaiphei
vaipheiM13,k a,pre,1.sg.nfut.aff; 1.pl.excl.nfut.aff; 1.sg.2.sg.nfut.aff; 1.sg.2.sg.nfut.aff; 1.sg.2.pl.nfut.aff; 1.sg.2.pl.nfut.aff; 1.pl.excl.2.sg.nfut.aff; 1.pl.excl.2.sg.nfut.aff; 1.pl.excl.2.pl.nfut.aff; 1.pl.excl.2.pl.nfut.aff; 1.sg.3.sg.nfut.aff; 1.sg.3.pl.nfut.aff; 1.pl.excl.3.sg.nfut.aff; 1.pl.excl.3.pl.nfut.aff; 1.sg.nfut.neg; 1.pl.excl.nfut.neg; 1.sg.2.sg.nfut.neg; 1.sg.2.sg.nfut.neg; 1.sg.2.pl.nfut.neg; 1.sg.2.pl.nfut.neg; 1.pl.excl.2.sg.nfut.neg; 1.pl.excl.2.sg.nfut.neg; 1.pl.excl.2.pl.nfut.neg; 1.pl.excl.2.pl.nfut.neg; 1.sg.3.sg.nfut.neg; 1.sg.3.pl.nfut.neg; 1.pl.excl.3.sg.nfut.neg; 1.pl.excl.3.pl.nfut.neg,vaiphei183; vaiphei184; vaiphei186; vaiphei187; vaiphei188; vaiphei189; vaiphei190; vaiphei191; vaiphei192; vaiphei193; vaiphei194; vaiphei195; vaiphei196; vaiphei198; vaiphei240; vaiphei241; vaiphei243; vaiphei244; vaiphei245; vaiphei246; vaiphei247; vaiphei248; vaiphei249; vaiphei250; vaiphei251; vaiphei252; vaiphei253; vaiphei255,vaiphei
vaipheiM14,k e,free,1.pl.excl,vaiphei002,vaiphei
vaipheiM15,k ei,free,1.sg; 1.pl.excl,vaiphei001; vaiphei003,vaiphei
vaipheiM16,l,pre,2.sg.1.sg.nfut.aff; 2.sg.1.sg.nfut.aff; 2.sg.1.pl.excl.nfut.aff; 2.sg.1.pl.excl.nfut.aff; 2.pl.1.sg.nfut.aff; 2.pl.1.sg.nfut.aff; 2.pl.1.pl.excl.nfut.aff; 2.pl.1.pl.excl.nfut.aff; 2.sg.1.sg.nfut.neg; 2.sg.1.sg.nfut.neg; 2.sg.1.pl.excl.nfut.neg; 2.sg.1.pl.excl.nfut.neg; 2.pl.1.sg.nfut.neg; 2.pl.1.sg.nfut.neg; 2.pl.1.pl.excl.nfut.neg; 2.pl.1.pl.excl.nfut.neg,vaiphei202; vaiphei203; vaiphei204; vaiphei205; vaiphei206; vaiphei207; vaiphei208; vaiphei209; vaiphei259; vaiphei260; vaiphei261; vaiphei262; vaiphei263; vaiphei264; vaiphei265; vaiphei266,vaiphei
vaipheiM17,l a,post,2.sg.fut.aff; 2.pl.fut.aff; 2.sg.1.sg.fut.aff; 2.sg.1.sg.fut.aff; 2.sg.1.pl.excl.fut.aff; 2.sg.1.pl.excl.fut.aff; 2.pl.1.sg.fut.aff; 2.pl.1.sg.fut.aff; 2.pl.1.pl.excl.fut.aff; 2.pl.1.pl.excl.fut.aff; 2.sg.3.sg.fut.aff; 2.sg.3.pl.fut.aff; 2.pl.3.sg.fut.aff; 2.pl.3.pl.fut.aff; 2.sg.fut.neg; 2.sg.fut.neg; 2.pl.fut.neg; 2.pl.fut.neg; 2.sg.1.sg.fut.neg; 2.sg.1.sg.fut.neg; 2.sg.1.sg.fut.neg; 2.sg.1.sg.fut.neg; 2.sg.1.pl.excl.fut.neg; 2.sg.1.pl.excl.fut.neg; 2.sg.1.pl.excl.fut.neg; 2.sg.1.pl.excl.fut.neg; 2.pl.1.sg.fut.neg; 2.pl.1.sg.fut.neg; 2.pl.1.sg.fut.neg; 2.pl.1.sg.fut.neg; 2.pl.1.pl.excl.fut.neg; 2.pl.1.pl.excl.fut.neg; 2.pl.1.pl.excl.fut.neg; 2.pl.1.pl.excl.fut.neg; 2.sg.3.sg.fut.neg; 2.sg.3.sg.fut.neg; 2.sg.3.pl.fut.neg; 2.sg.3.pl.fut.neg; 2.pl.3.sg.fut.neg; 2.pl.3.sg.fut.neg; 2.pl.3.pl.fut.neg; 2.pl.3.pl.fut.neg,vaiphei029; vaiphei030; vaiphei031; vaiphei032; vaiphei033; vaiphei034; vaiphei035; vaiphei036; vaiphei037; vaiphei038; vaiphei039; vaiphei040; vaiphei041; vaiphei042; vaiphei103; vaiphei104; vaiphei105; vaiphei106; vaiphei107; vaiphei108; vaiphei109; vaiphei110; vaiphei111; vaiphei112; vaiphei113; vaiphei114; vaiphei115; vaiphei116; vaiphei117; vaiphei118; vaiphei119; vaiphei120; vaiphei121; vaiphei122; vaiphei123; vaiphei124; vaiphei125; vaiphei126; vaiphei127; vaiphei128; vaiphei129; vaiphei130,vaiphei
vaipheiM18,l a,pre,2.sg.nfut.aff; 2.pl.nfut.aff; 2.sg.3.sg.nfut.aff; 2.sg.3.pl.nfut.aff; 2.pl.3.sg.nfut.aff; 2.pl.3.pl.nfut.aff; 2.sg.nfut.neg; 2.pl.nfut.neg; 2.sg.3.sg.nfut.neg; 2.sg.3.pl.nfut.neg; 2.pl.3.sg.nfut.neg; 2.pl.3.pl.nfut.neg,vaiphei200; vaiphei201; vaiphei210; vaiphei211; vaiphei212; vaiphei213; vaiphei257; vaiphei258; vaiphei267; vaiphei268; vaiphei269; vaiphei270,vaiphei
vaipheiM19,l ou,post,1.sg.fut.neg; 1.pl.excl.fut.neg; 1.pl.incl.fut.neg; 1.sg.2.sg.fut.neg; 1.sg.2.sg.fut.neg; 1.sg.2.pl.fut.neg; 1.sg.2.pl.fut.neg; 1.sg.3.pl.fut.neg; 1.pl.excl.2.sg.fut.neg; 1.pl.excl.2.sg.fut.neg; 1.pl.excl.2.pl.fut.neg; 1.pl.excl.2.pl.fut.neg; 1.sg.3.sg.fut.neg; 1.pl.excl.3.sg.fut.neg; 1.pl.incl.3.sg.fut.neg; 1.pl.excl.3.pl.fut.neg; 1.pl.incl.3.pl.fut.neg; 2.sg.fut.neg; 2.pl.fut.neg; 2.sg.1.sg.fut.neg; 2.sg.1.sg.fut.neg; 2.sg.1.pl.excl.fut.neg; 2.sg.1.pl.excl.fut.neg; 2.pl.1.sg.fut.neg; 2.pl.1.sg.fut.neg; 2.pl.1.pl.excl.fut.neg; 2.pl.1.pl.excl.fut.neg; 2.sg.3.sg.fut.neg; 2.sg.3.pl.fut.neg; 2.pl.3.sg.fut.neg; 2.pl.3.pl.fut.neg; 3.sg.fut.neg; 3.pl.fut.neg; 3.sg.1.sg.fut.neg; 3.sg.1.sg.fut.neg; 3.sg.1.pl.excl.fut.neg; 3.sg.1.pl.excl.fut.neg; 3.sg.1.pl.incl.fut.neg; 3.sg.1.pl.incl.fut.neg; 3.pl.1.sg.fut.neg; 3.pl.1.sg.fut.neg; 3.pl.1.pl.excl.fut.neg; 3.pl.1.pl.excl.fut.neg; 3.pl.1.pl.incl.fut.neg; 3.pl.1.pl.incl.fut.neg; 3.sg.2.sg.fut.neg; 3.sg.2.sg.fut.neg; 3.sg.2.pl.fut.neg; 3.sg.2.pl.fut.neg; 3.pl.2.sg.fut.neg; 3.pl.2.sg.fut.neg; 3.pl.2.pl.fut.neg; 3.pl.2.pl.fut.neg; 3.sg.3.sg.fut.neg; 3.sg.3.pl.fut.neg; 3.pl.3.sg.fut.neg; 3.pl.3.pl.fut.neg,vaiphei069; vaiphei071; vaiphei073; vaiphei075; vaiphei077; vaiphei079; vaiphei081; vaiphei083; vaiphei085; vaiphei087; vaiphei089; vaiphei091; vaiphei093; vaiphei095; vaiphei097; vaiphei099; vaiphei101; vaiphei103; vaiphei105; vaiphei107; vaiphei109; vaiphei111; vaiphei113; vaiphei115; vaiphei117; vaiphei119; vaiphei121; vaiphei123; vaiphei125; vaiphei127; vaiphei129; vaiphei131; vaiphei133; vaiphei135; vaiphei137; vaiphei139; vaiphei141; vaiphei143; vaiphei145; vaiphei147; vaiphei149; vaiphei151; vaiphei153; vaiphei155; vaiphei157; vaiphei159; vaiphei161; vaiphei163; vaiphei165; vaiphei167; vaiphei169; vaiphei171; vaiphei173; vaiphei175; vaiphei177; vaiphei179; vaiphei181,vaiphei
vaipheiM20,m a,free,2.sg; 3.sg; 3.pl,vaiphei007; vaiphei010; vaiphei011,vaiphei
vaipheiM21,n,post,2.sg.fut.neg; 2.pl.fut.neg; 2.sg.1.sg.fut.neg; 2.sg.1.sg.fut.neg; 2.sg.1.pl.excl.fut.neg; 2.sg.1.pl.excl.fut.neg; 2.pl.1.sg.fut.neg; 2.pl.1.sg.fut.neg; 2.pl.1.pl.excl.fut.neg; 2.pl.1.pl.excl.fut.neg; 2.sg.3.sg.fut.neg; 2.sg.3.pl.fut.neg; 2.pl.3.sg.fut.neg; 2.pl.3.pl.fut.neg; 3.sg.fut.neg; 3.pl.fut.neg; 3.sg.1.sg.fut.neg; 3.sg.1.sg.fut.neg; 3.sg.1.pl.excl.fut.neg; 3.sg.1.pl.excl.fut.neg; 3.sg.1.pl.incl.fut.neg; 3.sg.1.pl.incl.fut.neg; 3.pl.1.sg.fut.neg; 3.pl.1.sg.fut.neg; 3.pl.1.pl.excl.fut.neg; 3.pl.1.pl.excl.fut.neg; 3.pl.1.pl.incl.fut.neg; 3.pl.1.pl.incl.fut.neg; 3.sg.2.sg.fut.neg; 3.sg.2.sg.fut.neg; 3.sg.2.pl.fut.neg; 3.sg.2.pl.fut.neg; 3.pl.2.sg.fut.neg; 3.pl.2.sg.fut.neg; 3.pl.2.pl.fut.neg; 3.pl.2.pl.fut.neg; 3.sg.3.sg.fut.neg; 3.sg.3.pl.fut.neg; 3.pl.3.sg.fut.neg; 3.pl.3.pl.fut.neg,vaiphei104; vaiphei106; vaiphei108; vaiphei110; vaiphei112; vaiphei114; vaiphei116; vaiphei118; vaiphei120; vaiphei122; vaiphei124; vaiphei126; vaiphei128; vaiphei130; vaiphei132; vaiphei134; vaiphei136; vaiphei138; vaiphei140; vaiphei142; vaiphei144; vaiphei146; vaiphei148; vaiphei150; vaiphei152; vaiphei154; vaiphei156; vaiphei158; vaiphei160; vaiphei162; vaiphei164; vaiphei166; vaiphei168; vaiphei170; vaiphei172; vaiphei174; vaiphei176; vaiphei178; vaiphei180; vaiphei182,vaiphei
vaipheiM22,n a,free,2.pl,vaiphei008,vaiphei
vaipheiM23,n a ŋ,free,2.sg; 2.sg; 2.pl,vaiphei006; vaiphei007; vaiphei009,vaiphei
vaipheiM24,p ua,post,1.sg.fut.neg; 1.pl.excl.fut.neg; 1.pl.incl.fut.neg; 1.sg.2.sg.fut.neg; 1.sg.2.sg.fut.neg; 1.sg.2.pl.fut.neg; 1.sg.2.pl.fut.neg; 1.sg.3.pl.fut.neg; 1.pl.excl.2.sg.fut.neg; 1.pl.excl.2.sg.fut.neg; 1.pl.excl.2.pl.fut.neg; 1.pl.excl.2.pl.fut.neg; 1.sg.3.sg.fut.neg; 1.pl.excl.3.sg.fut.neg; 1.pl.incl.3.sg.fut.neg; 1.pl.excl.3.pl.fut.neg; 1.pl.incl.3.pl.fut.neg; 2.sg.fut.neg; 2.pl.fut.neg; 2.sg.1.sg.fut.neg; 2.sg.1.sg.fut.neg; 2.sg.1.pl.excl.fut.neg; 2.sg.1.pl.excl.fut.neg; 2.pl.1.sg.fut.neg; 2.pl.1.sg.fut.neg; 2.pl.1.pl.excl.fut.neg; 2.pl.1.pl.excl.fut.neg; 2.sg.3.sg.fut.neg; 2.sg.3.pl.fut.neg; 2.pl.3.sg.fut.neg; 2.pl.3.pl.fut.neg; 3.sg.fut.neg; 3.pl.fut.neg; 3.sg.1.sg.fut.neg; 3.sg.1.sg.fut.neg; 3.sg.1.pl.excl.fut.neg; 3.sg.1.pl.excl.fut.neg; 3.sg.1.pl.incl.fut.neg; 3.sg.1.pl.incl.fut.neg; 3.pl.1.sg.fut.neg; 3.pl.1.sg.fut.neg; 3.pl.1.pl.excl.fut.neg; 3.pl.1.pl.excl.fut.neg; 3.pl.1.pl.incl.fut.neg; 3.pl.1.pl.incl.fut.neg; 3.sg.2.sg.fut.neg; 3.sg.2.sg.fut.neg; 3.sg.2.pl.fut.neg; 3.sg.2.pl.fut.neg; 3.pl.2.sg.fut.neg; 3.pl.2.sg.fut.neg; 3.pl.2.pl.fut.neg; 3.pl.2.pl.fut.neg; 3.sg.3.sg.fut.neg; 3.sg.3.pl.fut.neg; 3.pl.3.sg.fut.neg; 3.pl.3.pl.fut.neg; 1.sg.nfut.neg; 1.pl.excl.nfut.neg; 1.pl.incl.nfut.neg; 1.sg.2.sg.nfut.neg; 1.sg.2.sg.nfut.neg; 1.sg.2.pl.nfut.neg; 1.sg.2.pl.nfut.neg; 1.pl.excl.2.sg.nfut.neg; 1.pl.excl.2.sg.nfut.neg; 1.pl.excl.2.pl.nfut.neg; 1.pl.excl.2.pl.nfut.neg; 1.sg.3.sg.nfut.neg; 1.sg.3.pl.nfut.neg; 1.pl.excl.3.sg.nfut.neg; 1.pl.incl.3.sg.nfut.neg; 1.pl.excl.3.pl.nfut.neg; 1.pl.incl.3.pl.nfut.neg; 2.sg.nfut.neg; 2.pl.nfut.neg; 2.sg.1.sg.nfut.neg; 2.sg.1.sg.nfut.neg; 2.sg.1.pl.excl.nfut.neg; 2.sg.1.pl.excl.nfut.neg; 2.pl.1.sg.nfut.neg; 2.pl.1.sg.nfut.neg; 2.pl.1.pl.excl.nfut.neg; 2.pl.1.pl.excl.nfut.neg; 2.sg.3.sg.nfut.neg; 2.sg.3.pl.nfut.neg; 2.pl.3.sg.nfut.neg; 2.pl.3.pl.nfut.neg; 3.sg.nfut.neg; 3.pl.nfut.neg; 3.sg.1.sg.nfut.neg; 3.sg.1.sg.nfut.neg; 3.sg.1.pl.excl.nfut.neg; 3.sg.1.pl.excl.nfut.neg; 3.sg.1.pl.incl.nfut.neg; 3.sg.1.pl.incl.nfut.neg; 3.pl.1.sg.nfut.neg; 3.pl.1.sg.nfut.neg; 3.pl.1.pl.excl.nfut.neg; 3.pl.1.pl.excl.nfut.neg; 3.pl.1.pl.incl.nfut.neg; 3.pl.1.pl.incl.nfut.neg; 3.sg.2.sg.nfut.neg; 3.sg.2.sg.nfut.neg; 3.sg.2.pl.nfut.neg; 3.sg.2.pl.nfut.neg; 3.pl.2.sg.nfut.neg; 3.pl.2.sg.nfut.neg; 3.pl.2.pl.nfut.neg; 3.pl.2.pl.nfut.neg; 3.sg.3.sg.nfut.neg; 3.sg.3.pl.nfut.neg; 3.pl.3.sg.nfut.neg; 3.pl.3.pl.nfut.neg,vaiphei070; vaiphei072; vaiphei074; vaiphei076; vaiphei078; vaiphei080; vaiphei082; vaiphei084; vaiphei086; vaiphei088; vaiphei090; vaiphei092; vaiphei094; vaiphei096; vaiphei098; vaiphei100; vaiphei102; vaiphei104; vaiphei106; vaiphei108; vaiphei110; vaiphei112; vaiphei114; vaiphei116; vaiphei118; vaiphei120; vaiphei122; vaiphei124; vaiphei126; vaiphei128; vaiphei130; vaiphei132; vaiphei134; vaiphei136; vaiphei138; vaiphei140; vaiphei142; vaiphei144; vaiphei146; vaiphei148; vaiphei150; vaiphei152; vaiphei154; vaiphei156; vaiphei158; vaiphei160; vaiphei162; vaiphei164; vaiphei166; vaiphei168; vaiphei170; vaiphei172; vaiphei174; vaiphei176; vaiphei178; vaiphei180; vaiphei182; vaiphei240; vaiphei241; vaiphei242; vaiphei243; vaiphei244; vaiphei245; vaiphei246; vaiphei247; vaiphei248; vaiphei249; vaiphei250; vaiphei251; vaiphei252; vaiphei253; vaiphei254; vaiphei255; vaiphei256; vaiphei257; vaiphei258; vaiphei259; vaiphei260; vaiphei261; vaiphei262; vaiphei263; vaiphei264; vaiphei265; vaiphei266; vaiphei267; vaiphei268; vaiphei269; vaiphei270; vaiphei271; vaiphei272; vaiphei273; vaiphei274; vaiphei275; vaiphei276; vaiphei277; vaiphei278; vaiphei279; vaiphei280; vaiphei281; vaiphei282; vaiphei283; vaiphei284; vaiphei285; vaiphei286; vaiphei287; vaiphei288; vaiphei289; vaiphei290; vaiphei291; vaiphei292; vaiphei293; vaiphei294; vaiphei295; vaiphei296,vaiphei
vaipheiM25,t i,post,1.pl.incl.fut.neg; 1.pl.incl.3.sg.fut.neg; 1.pl.incl.3.pl.fut.neg,vaiphei074; vaiphei098; vaiphei102,vaiphei
vaipheiM26,u,free,1.pl.excl; 1.pl.incl; 2.pl; 3.pl,vaiphei002; vaiphei004; vaiphei008; vaiphei011,vaiphei
vaipheiM27,u,post,1.pl.excl.fut.aff; 1.pl.incl.fut.aff; 1.pl.excl.2.sg.fut.aff; 1.pl.excl.2.sg.fut.aff; 1.pl.excl.2.pl.fut.aff; 1.pl.excl.2.pl.fut.aff; 1.pl.excl.3.sg.fut.aff; 1.pl.incl.3.sg.fut.aff; 1.pl.excl.3.pl.fut.aff; 1.pl.incl.3.pl.fut.aff; 2.pl.fut.aff; 2.pl.1.sg.fut.aff; 2.pl.1.sg.fut.aff; 2.pl.1.pl.excl.fut.aff; 2.pl.1.pl.excl.fut.aff; 2.pl.3.sg.fut.aff; 2.pl.3.pl.fut.aff; 3.pl.fut.aff; 3.pl.1.sg.fut.aff; 3.pl.1.sg.fut.aff; 3.pl.1.pl.excl.fut.aff; 3.pl.1.pl.excl.fut.aff; 3.pl.1.pl.incl.fut.aff; 3.pl.1.pl.incl.fut.aff; 3.pl.2.sg.fut.aff; 3.pl.2.sg.fut.aff; 3.pl.2.pl.fut.aff; 3.pl.2.pl.fut.aff; 3.pl.3.sg.fut.aff; 3.pl.3.pl.fut.aff; 1.pl.excl.fut.neg; 1.pl.excl.fut.neg; 1.pl.incl.fut.neg; 1.pl.incl.fut.neg; 1.pl.excl.2.sg.fut.neg; 1.pl.excl.2.sg.fut.neg; 1.pl.excl.2.sg.fut.neg; 1.pl.excl.2.sg.fut.neg; 1.pl.excl.2.pl.fut.neg; 1.pl.excl.2.pl.fut.neg; 1.pl.excl.2.pl.fut.neg; 1.pl.excl.2.pl.fut.neg; 1.pl.excl.3.sg.fut.neg; 1.pl.excl.3.sg.fut.neg; 1.pl.incl.3.sg.fut.neg; 1.pl.incl.3.sg.fut.neg; 1.pl.excl.3.pl.fut.neg; 1.pl.excl.3.pl.fut.neg; 1.pl.incl.3.pl.fut.neg; 1.pl.incl.3.pl.fut.neg; 2.pl.fut.neg; 2.pl.fut.neg; 2.pl.1.sg.fut.neg; 2.pl.1.sg.fut.neg; 2.pl.1.sg.fut.neg; 2.pl.1.sg.fut.neg; 2.pl.1.pl.excl.fut.neg; 2.pl.1.pl.excl.fut.neg; 2.pl.1.pl.excl.fut.neg; 2.pl.1.pl.excl.fut.neg; 2.pl.3.sg.fut.neg; 2.pl.3.sg.fut.neg; 2.pl.3.pl.fut.neg; 2.pl.3.pl.fut.neg; 3.pl.fut.neg; 3.pl.fut.neg; 3.pl.1.sg.fut.neg; 3.pl.1.sg.fut.neg; 3.pl.1.sg.fut.neg; 3.pl.1.sg.fut.neg; 3.pl.1.pl.excl.fut.neg; 3.pl.1.pl.excl.fut.neg; 3.pl.1.pl.excl.fut.neg; 3.pl.1.pl.excl.fut.neg; 3.pl.1.pl.incl.fut.neg; 3.pl.1.pl.incl.fut.neg; 3.pl.1.pl.incl.fut.neg; 3.pl.1.pl.incl.fut.neg; 3.pl.2.sg.fut.neg; 3.pl.2.sg.fut.neg; 3.pl.2.sg.fut.neg; 3.pl.2.sg.fut.neg; 3.pl.2.pl.fut.neg; 3.pl.2.pl.fut.neg; 3.pl.2.pl.fut.neg; 3.pl.2.pl.fut.neg; 3.pl.3.sg.fut.neg; 3.pl.3.sg.fut.neg; 3.pl.3.pl.fut.neg; 3.pl.3.pl.fut.neg; 1.pl.excl.nfut.aff; 1.pl.incl.nfut.aff; 1.pl.excl.2.sg.nfut.aff; 1.pl.excl.2.sg.nfut.aff; 1.pl.excl.2.pl.nfut.aff; 1.pl.excl.2.pl.nfut.aff; 1.pl.excl.3.sg.nfut.aff; 1.pl.incl.3.sg.nfut.aff; 1.pl.excl.3.pl.nfut.aff; 1.pl.incl.3.pl.nfut.aff; 2.pl.nfut.aff; 2.pl.1.sg.nfut.aff; 2.pl.1.sg.nfut.aff; 2.pl.1.pl.excl.nfut.aff; 2.pl.1.pl.excl.nfut.aff; 2.pl.3.sg.nfut.aff; 2.pl.3.pl.nfut.aff; 3.pl.nfut.aff; 3.pl.1.sg.nfut.aff; 3.pl.1.sg.nfut.aff; 3.pl.1.pl.excl.nfut.aff; 3.pl.1.pl.excl.nfut.aff; 3.pl.1.pl.incl.nfut.aff; 3.pl.1.pl.incl.nfut.aff; 3.pl.2.sg.nfut.aff; 3.pl.2.sg.nfut.aff; 3.pl.2.pl.nfut.aff; 3.pl.2.pl.nfut.aff; 3.pl.3.sg.nfut.aff; 3.pl.3.pl.nfut.aff; 1.pl.excl.nfut.neg; 1.pl.incl.nfut.neg; 1.pl.excl.2.sg.nfut.neg; 1.pl.excl.2.sg.nfut.neg; 1.pl.excl.2.pl.nfut.neg; 1.pl.excl.2.pl.nfut.neg; 1.pl.excl.3.sg.nfut.neg; 1.pl.incl.3.sg.nfut.neg; 1.pl.excl.3.pl.nfut.neg; 1.pl.incl.3.pl.nfut.neg; 2.pl.nfut.neg; 2.pl.1.sg.nfut.neg; 2.pl.1.sg.nfut.neg; 2.pl.1.pl.excl.nfut.neg; 2.pl.1.pl.excl.nfut.neg; 2.pl.3.sg.nfut.neg; 2.pl.3.pl.nfut.neg; 3.pl.nfut.neg; 3.pl.1.sg.nfut.neg; 3.pl.1.sg.nfut.neg; 3.pl.1.pl.excl.nfut.neg; 3.pl.1.pl.excl.nfut.neg; 3.pl.1.pl.incl.nfut.neg; 3.pl.1.pl.incl.nfut.neg; 3.pl.2.sg.nfut.neg; 3.pl.2.sg.nfut.neg; 3.pl.2.pl.nfut.neg; 3.pl.2.pl.nfut.neg; 3.pl.3.sg.nfut.neg; 3.pl.3.pl.nfut.neg,vaiphei013; vaiphei014; vaiphei019; vaiphei020; vaiphei021; vaiphei022; vaiphei025; vaiphei026; vaiphei027; vaiphei028; vaiphei030; vaiphei035; vaiphei036; vaiphei037; vaiphei038; vaiphei041; vaiphei042; vaiphei044; vaiphei051; vaiphei052; vaiphei053; vaiphei054; vaiphei055; vaiphei056; vaiphei061; vaiphei062; vaiphei063; vaiphei064; vaiphei067; vaiphei068; vaiphei071; vaiphei072; vaiphei073; vaiphei074; vaiphei085; vaiphei086; vaiphei087; vaiphei088; vaiphei089; vaiphei090; vaiphei091; vaiphei092; vaiphei095; vaiphei096; vaiphei097; vaiphei098; vaiphei099; vaiphei100; vaiphei101; vaiphei102; vaiphei105; vaiphei106; vaiphei115; vaiphei116; vaiphei117; vaiphei118; vaiphei119; vaiphei120; vaiphei121; vaiphei122; vaiphei127; vaiphei128; vaiphei129; vaiphei130; vaiphei133; vaiphei134; vaiphei147; vaiphei148; vaiphei149; vaiphei150; vaiphei151; vaiphei152; vaiphei153; vaiphei154; vaiphei155; vaiphei156; vaiphei157; vaiphei158; vaiphei167; vaiphei168; vaiphei169; vaiphei170; vaiphei171; vaiphei172; vaiphei173; vaiphei174; vaiphei179; vaiphei180; vaiphei181; vaiphei182; vaiphei184; vaiphei185; vaiphei190; vaiphei191; vaiphei192; vaiphei193; vaiphei196; vaiphei197; vaiphei198; vaiphei199; vaiphei201; vaiphei206; vaiphei207; vaiphei208; vaiphei209; vaiphei212; vaiphei213; vaiphei215; vaiphei222; vaiphei223; vaiphei224; vaiphei225; vaiphei226; vaiphei227; vaiphei232; vaiphei233; vaiphei234; vaiphei235; vaiphei238; vaiphei239; vaiphei241; vaiphei242; vaiphei247; vaiphei248; vaiphei249; vaiphei250; vaiphei253; vaiphei254; vaiphei255; vaiphei256; vaiphei258; vaiphei263; vaiphei264; vaiphei265; vaiphei266; vaiphei269; vaiphei270; vaiphei272; vaiphei279; vaiphei280; vaiphei281; vaiphei282; vaiphei283; vaiphei284; vaiphei289; vaiphei290; vaiphei291; vaiphei292; vaiphei295; vaiphei296,vaiphei
vaipheiM28,u ʔ,free,1.pl.excl; 1.pl.incl; 2.pl,vaiphei003; vaiphei005; vaiphei009,vaiphei
vaipheiM29,ŋ,post,1.sg.fut.neg; 1.pl.excl.fut.neg; 1.sg.2.sg.fut.neg; 1.sg.2.sg.fut.neg; 1.sg.2.pl.fut.neg; 1.sg.2.pl.fut.neg; 1.sg.3.pl.fut.neg; 1.pl.excl.2.sg.fut.neg; 1.pl.excl.2.sg.fut.neg; 1.pl.excl.2.pl.fut.neg; 1.pl.excl.2.pl.fut.neg; 1.sg.3.sg.fut.neg; 1.pl.excl.3.sg.fut.neg; 1.pl.excl.3.pl.fut.neg,vaiphei070; vaiphei072; vaiphei076; vaiphei078; vaiphei080; vaiphei082; vaiphei084; vaiphei086; vaiphei088; vaiphei090; vaiphei092; vaiphei094; vaiphei096; vaiphei100,vaiphei
